Title,Date,Link,Summary,Source,Language
ğŸ¤– Elon Musk compra HotShot para pelear con Sora | ğŸ¤– #ia #chatgpt #musk,2025-03-26,https://www.youtube.com/watch?v=Qc0BPLckoas,not summary yet,@la_inteligencia_artificial,Spanish (auto-generated)
ğŸ¤– Regular la IA para que todos jueguen con las mismas cartas | ğŸ¤– #ia #chatgpt #regulacion,2025-03-26,https://www.youtube.com/watch?v=KNok86_8t3g,not summary yet,@la_inteligencia_artificial,Spanish (auto-generated)
Â¡BRUTAL lo nuevo de OpenAI y es GRATIS! ğŸ”¥ğŸ¤¯,2025-03-26,https://www.youtube.com/watch?v=aOqgMPjJBf8,not summary yet,@la_inteligencia_artificial,Spanish (auto-generated)
ğŸ¤– Consiguen reconectar el cerebro de una persona con su mÃ©dula espinal | ğŸ¤– #ia #chatgpt #medicina,2025-03-26,https://www.youtube.com/watch?v=w9EUvKfsHPI,not summary yet,@la_inteligencia_artificial,Spanish (auto-generated)
ğŸ¤– Lo primero y mÃ¡s importante es validar la idea | ğŸ¤– #ia #chatgpt #startup,2025-03-25,https://www.youtube.com/watch?v=8WBS9-caOUA,not summary yet,@la_inteligencia_artificial,Spanish (auto-generated)
ğŸ¤– Existe una burbuja de valorizaciones de empresas IA | ğŸ¤– #ia #chatgpt #openai,2025-03-25,https://www.youtube.com/watch?v=CES1h_yZ83A,not summary yet,@la_inteligencia_artificial,Spanish (auto-generated)
ğŸ¤– Ninguna sociedad estÃ¡ preparada para el cambio que viene | ğŸ¤– #ia #chatgpt #sociedad,2025-03-25,https://www.youtube.com/watch?v=Ad76pb-bb7I,not summary yet,@la_inteligencia_artificial,Spanish (auto-generated)
ğŸš¨ NOTICIAS IA ğŸš¨: Un ParaplÃ©jico vuelve a caminar gracias a la IA ğŸ¤¯ğŸ¤–,2025-03-24,https://www.youtube.com/watch?v=Y3JPVaehJK8,not summary yet,@la_inteligencia_artificial,Spanish (auto-generated)
ğŸ¤– Gemma 3: El modelo mÃ¡s pequeÃ±o y de open source de Google | ğŸ¤– #ia #chatgpt #gemma,2025-03-24,https://www.youtube.com/watch?v=1FOhdl_sYys,not summary yet,@la_inteligencia_artificial,Spanish (auto-generated)
ğŸ¤– Veo 2 presenta su nuevo Image to VÃ­deo | ğŸ¤– #ia #chatgpt #veo,2025-03-24,https://www.youtube.com/watch?v=2wO4w4Ewgcs,not summary yet,@la_inteligencia_artificial,Spanish (auto-generated)
El Chip CuÃ¡ntico MAJORANA: el mayor INVENTO de la Historia (si es verdad),2025-03-21,https://www.youtube.com/watch?v=iCmgjF1p9CU,not summary yet,@gustavo-entrala,Spanish (auto-generated)
